MAL_ID	Name	Score	Genres	English name	Japanese name	Type	Episodes	Aired	Premiered	Producers	Licensors	Studios	Source	Duration	Rating	Ranked	Popularity	Members	Favorites	Watching	Completed	On-Hold	Dropped	Plan to Watch	Score-10	Score-9	Score-8	Score-7	Score-6	Score-5	Score-4	Score-3	Score-2	Score-1
1	Cowboy Bebop	8,78	Action, Adventure, Comedy, Drama, Sci-Fi, Space	Cowboy Bebop	_________	TV	26	Apr 3, 1998 to Apr 24, 1999	Spring 1998	Bandai Visual	Funimation, Bandai Entertainment	Sunrise	Original	24 min. per ep.	R - 17+ (violence & profanity)	28	39	1251960	61971	105808	718161	71513	26678	329800	229170	182126	131625	62330	20688	8904	3184	1357	741	1580
5	Cowboy Bebop: Tengoku no Tobira	8,39	Action, Drama, Mystery, Sci-Fi, Space	Cowboy Bebop:The Movie	_________ ____	Movie	1	Sep 1, 2001	Unknown	Sunrise, Bandai Visual	Sony Pictures Entertainment	Bones	Original	1 hr. 55 min.	R - 17+ (violence & profanity)	159	518	273145	1174	4143	208333	1935	770	57964	30043	49201	49505	22632	5805	1877	577	221	109	379
6	Trigun	8,24	Action, Sci-Fi, Adventure, Comedy, Drama, Shounen	Trigun	_____	TV	26	Apr 1, 1998 to Sep 30, 1998	Spring 1998	Victor Entertainment	Funimation, Geneon Entertainment USA	Madhouse	Manga	24 min. per ep.	PG-13 - Teens 13 or older	266	201	558913	12944	29113	343492	25465	13925	146918	50229	75651	86142	49432	15376	5838	1965	664	316	533
7	Witch Hunter Robin	7,27	Action, Mystery, Police, Supernatural, Drama, Magic	Witch Hunter Robin	Witch Hunter ROBIN (___________)	TV	26	Jul 2, 2002 to Dec 24, 2002	Summer 2002	TV Tokyo, Bandai Visual, Dentsu, Victor Entertainment	Funimation, Bandai Entertainment	Sunrise	Original	25 min. per ep.	PG-13 - Teens 13 or older	2481	1467	94683	587	4300	46165	5121	5378	33719	2182	4806	10128	11618	5709	2920	1083	353	164	131
8	Bouken Ou Beet	6,98	Adventure, Fantasy, Shounen, Supernatural	Beet the Vandel Buster	______	TV	52	Sep 30, 2004 to Sep 29, 2005	Fall 2004	TV Tokyo, Dentsu	Unknown	Toei Animation	Manga	23 min. per ep.	PG - Children	3710	4369	13224	18	642	7314	766	1108	3394	312	529	1242	1713	1068	634	265	83	50	27
15	Eyeshield 21	7,95	Action, Sports, Comedy, Shounen	Unknown	______21	TV	145	Apr 6, 2005 to Mar 19, 2008	Spring 2005	TV Tokyo, Nihon Ad Systems, TV Tokyo Music, Shueisha	VIZ Media, Sentai Filmworks	Gallop	Manga	23 min. per ep.	PG-13 - Teens 13 or older	604	1003	148259	2066	13907	78349	14228	11573	30202	9226	14904	22811	16734	6206	2621	795	336	140	151
16	Hachimitsu to Clover	8,06	Comedy, Drama, Josei, Romance, Slice of Life	Honey and Clover	__________	TV	24	Apr 15, 2005 to Sep 27, 2005	Spring 2005	Genco, Fuji TV, Shueisha	VIZ Media, Discotek Media	J.C.Staff	Manga	23 min. per ep.	PG-13 - Teens 13 or older	468	687	214499	4101	11909	81145	11901	11026	98518	11829	16309	20008	13062	5574	3148	1339	484	278	321
17	Hungry Heart: Wild Striker	7,59	Slice of Life, Comedy, Sports, Shounen	Unknown	________ Wild Striker	TV	52	Sep 11, 2002 to Sep 10, 2003	Fall 2002	Unknown	Unknown	Nippon Animation	Manga	23 min. per ep.	PG-13 - Teens 13 or older	1317	3612	20470	231	817	13778	828	1168	3879	1123	1777	3102	3075	1286	602	218	88	31	32
18	Initial D Fourth Stage	8,15	Action, Cars, Sports, Drama, Seinen	Unknown	__________D FOURTH STAGE	TV	24	Apr 17, 2004 to Feb 18, 2006	Spring 2004	OB Planning, Studio Jack	Funimation	A.C.G.T.	Manga	27 min. per ep.	PG-13 - Teens 13 or older	360	1233	117929	979	6082	90967	3053	1356	16471	10948	15820	22379	12912	3874	1236	369	97	48	259
19	Monster	8,76	Drama, Horror, Mystery, Police, Psychological, Seinen, Thriller	Monster	_____	TV	74	Apr 7, 2004 to Sep 28, 2005	Spring 2004	VAP, Shogakukan-Shueisha Productions, Nippon Television Network	VIZ Media	Madhouse	Manga	24 min. per ep.	R+ - Mild Nudity	30	169	614100	29436	64648	214491	47488	23008	264465	77350	60652	43459	22045	8861	4381	2086	882	593	1177
20	Naruto	7,91	Action, Adventure, Comedy, Super Power, Martial Arts, Shounen	Naruto	___	TV	220	Oct 3, 2002 to Feb 8, 2007	Fall 2002	TV Tokyo, Aniplex, Shueisha	VIZ Media	Studio Pierrot	Manga	23 min. per ep.	PG-13 - Teens 13 or older	660	8	1830540	65586	137167	1462223	61734	99806	69610	216866	234481	345563	286175	108155	46886	15477	6098	3582	5310
21	One Piece	8,52	Action, Adventure, Comedy, Super Power, Drama, Fantasy, Shounen	One Piece	ONE PIECE	TV	Unknown	Oct 20, 1999 to ?	Fall 1999	Fuji TV, TAP, Shueisha	Funimation, 4Kids Entertainment	Toei Animation	Manga	24 min.	PG-13 - Teens 13 or older	95	31	1352724	126645	887333	33	187919	136245	141194	292445	166186	141755	85424	35342	19019	8201	3675	2616	6340
22	Tennis no Ouji-sama	7,9	Action, Comedy, Sports, School, Shounen	The Prince of Tennis	_______	TV	178	Oct 10, 2001 to Mar 23, 2005	Fall 2001	Production I.G, Nihon Ad Systems	VIZ Media	Trans Arts	Manga	22 min. per ep.	PG-13 - Teens 13 or older	675	1039	141832	3124	11235	76881	12905	12516	28295	9576	12719	19791	16284	6624	3086	1071	443	210	225
23	Ring ni Kakero 1	6,38	Action, Shounen, Sports	Unknown	________	TV	12	Oct 6, 2004 to Dec 15, 2004	Fall 2004	Unknown	Unknown	Toei Animation	Manga	25 min. per ep.	PG - Children	6493	7333	3648	16	170	1333	145	296	1704	69	61	152	260	236	143	88	40	32	28
24	School Rumble	7,94	Comedy, Romance, School, Shounen	School Rumble	________	TV	26	Oct 5, 2004 to Mar 29, 2005	Fall 2004	TV Tokyo, Sotsu, Marvelous, Starchild Records, Media Factory, DAX Production, Studio Jack	Funimation	Studio Comet	Manga	23 min. per ep.	PG-13 - Teens 13 or older	625	514	275464	5137	12277	157789	12856	13491	79051	17907	27623	38112	27327	11034	5396	1897	780	441	405
25	Sunabouzu	7,42	Action, Adventure, Comedy, Ecchi, Sci-Fi, Shounen	Desert Punk	____	TV	24	Oct 6, 2004 to Mar 30, 2005	Fall 2004	GDH, Pony Canyon, CBC	Funimation	Gonzo	Manga	24 min. per ep.	R - 17+ (violence & profanity)	1844	1284	111734	790	6273	53819	6255	7951	37436	3589	6664	12349	12702	6033	3079	1521	643	350	297
26	Texhnolyze	7,76	Action, Sci-Fi, Psychological, Drama	Texhnolyze	TEXHNOLYZE	TV	22	Apr 17, 2003 to Sep 25, 2003	Spring 2003	Group TAC, Rondo Robe, Fuji TV, Pioneer LDC	Funimation, Geneon Entertainment USA	Madhouse	Original	23 min. per ep.	R+ - Mild Nudity	896	823	182599	3671	11335	47532	9815	8112	105805	6856	8309	10851	8636	4429	2462	1456	684	411	664
27	Trinity Blood	7,32	Action, Supernatural, Vampire	Trinity Blood	__________	TV	24	Apr 29, 2005 to Oct 28, 2005	Spring 2005	Unknown	Funimation	Gonzo	Light novel	24 min. per ep.	R - 17+ (violence & profanity)	2240	936	158343	1479	7794	87958	8940	9349	44302	6091	9759	17761	20152	10273	5392	2250	873	456	298
28	Yakitate!! Japan	7,95	Comedy, Shounen	Yakitate!! Japan	____!! ____	TV	69	Oct 12, 2004 to Mar 14, 2006	Fall 2004	TV Tokyo, Aniplex, d-rights, Tohokushinsha Film Corporation, Atelier Musa	Nozomi Entertainment	Sunrise	Manga	24 min. per ep.	PG-13 - Teens 13 or older	609	1666	80183	887	5007	39992	5764	4633	24787	4347	7425	11074	7965	3038	1248	345	118	56	58
29	Zipang	7,51	Action, Military, Sci-Fi, Historical, Drama, Seinen	Unknown	____	TV	26	Oct 8, 2004 to Apr 1, 2005	Fall 2004	Marvelous, TBS	Geneon Entertainment USA	Studio Deen	Manga	24 min. per ep.	PG-13 - Teens 13 or older	1565	3985	16652	152	857	6807	721	599	7668	430	874	1801	1696	662	279	114	38	13	28
30	Neon Genesis Evangelion	8,32	Action, Sci-Fi, Dementia, Psychological, Drama, Mecha	Neon Genesis Evangelion	___________	TV	26	Oct 4, 1995 to Mar 27, 1996	Fall 1995	TV Tokyo, Kadokawa Shoten, Nihon Ad Systems, Audio Tanaka	ADV Films, Netflix	Gainax, Tatsunoko Production	Original	24 min. per ep.	PG-13 - Teens 13 or older	208	54	1160651	71308	66549	815938	35566	20358	222240	186797	168056	157596	93532	38385	17571	9686	4408	3263	3714
31	Neon Genesis Evangelion: Death & Rebirth	7,45	Drama, Mecha, Psychological, Sci-Fi	Neon Genesis Evangelion:Death & Rebirth	ê______________ ____	Movie	1	Mar 15, 1997	Unknown	Movic, Sega, TV Tokyo Music, Audio Tanaka	Manga Entertainment	Gainax, Production I.G	Original	1 hr. 44 min.	R - 17+ (violence & profanity)	1742	833	180681	588	1941	146202	1069	961	30508	13516	15245	23683	25396	12694	6313	2636	1042	654	737
32	Neon Genesis Evangelion: The End of Evangelion	8,51	Sci-Fi, Dementia, Psychological, Drama, Mecha	Neon Genesis Evangelion:The End of Evangelion	______________ THE END OF EVANGELION	Movie	1	Jul 19, 1997	Unknown	TV Tokyo, Toei Animation, Kadokawa Shoten, Movic, Sega, TV Tokyo Music, Audio Tanaka	Manga Entertainment	Gainax, Production I.G	Original	1 hr. 27 min.	R+ - Mild Nudity	102	195	572080	17811	8055	482918	2462	1499	77146	127081	95821	77593	41261	16444	7057	4493	2279	1941	2264
33	Kenpuu Denki Berserk	8,49	Action, Adventure, Demons, Drama, Fantasy, Horror, Military, Romance, Seinen, Supernatural	Berserk	_________	TV	25	Oct 8, 1997 to Apr 1, 1998	Fall 1997	VAP, Hakusensha, Nippon Television Network	Media Blasters, NYAV Post	OLM	Manga	25 min. per ep.	R+ - Mild Nudity	108	301	432190	18567	19540	276588	12737	9406	113919	58627	65906	60815	29055	9477	3899	1748	671	456	842
43	Koukaku Kidoutai	8,29	Action, Mecha, Police, Psychological, Sci-Fi, Seinen	Ghost in the Shell	GHOST IN THE SHELL_______	Movie	1	Nov 18, 1995	Unknown	Bandai Visual, Kodansha	Manga Entertainment	Production I.G	Manga	1 hr. 22 min.	R+ - Mild Nudity	236	265	468279	10362	8152	325682	3404	1927	129114	56237	65298	70881	39446	13704	5107	1842	675	292	486
44	Rurouni Kenshin: Meiji Kenkaku Romantan - Tsuioku-hen	8,73	Action, Historical, Drama, Romance, Martial Arts, Samurai, Shounen	Samurai X:Trust and Betrayal	__________________	OVA	4	Feb 20, 1999 to Sep 22, 1999	Unknown	Aniplex	ADV Films, Aniplex of America	Studio Deen	Manga	30 min. per ep.	R - 17+ (violence & profanity)	37	637	228484	6111	6359	150183	3124	1836	66982	39845	33317	25800	11782	3575	1393	448	163	106	490
45	Rurouni Kenshin: Meiji Kenkaku Romantan	8,31	Action, Adventure, Comedy, Historical, Romance, Samurai, Shounen	Rurouni Kenshin	______ -_______-	TV	94	Jan 10, 1996 to Sep 8, 1998	Winter 1996	Aniplex, SME Visual Works, Fuji TV	Media Blasters	Gallop, Studio Deen	Manga	25 min. per ep.	PG-13 - Teens 13 or older	220	345	386195	11236	29540	216154	30655	18588	91258	38050	50380	57604	33295	10220	3867	1167	372	176	314
46	Rurouni Kenshin: Meiji Kenkaku Romantan - Ishinshishi e no Chinkonka	7,56	Samurai, Historical, Drama, Shounen	Samurai X:The Motion Picture	______ -_______- _________	Movie	1	Dec 20, 1997	Unknown	Fuji TV, Sony Music Entertainment	ADV Films, Aniplex of America	Gallop	Manga	1 hr. 31 min.	R - 17+ (violence & profanity)	1397	2411	44334	107	547	34481	438	228	8640	2958	3683	6232	6557	2832	1310	426	129	71	59
47	Akira	8,17	Action, Military, Sci-Fi, Adventure, Horror, Supernatural, Seinen	AKIRA	AKIRA_____	Movie	1	Jul 16, 1988	Unknown	Mainichi Broadcasting System, Kodansha, Toho	Funimation, Bandai Entertainment, Geneon Entertainment USA	Tokyo Movie Shinsha	Manga	2 hr. 4 min.	R+ - Mild Nudity	333	197	566538	9555	8258	434086	3491	2174	118529	77192	82148	91288	54906	22369	9462	4322	1737	992	1067
48	.hack//Sign	6,98	Game, Sci-Fi, Adventure, Mystery, Magic, Fantasy	.hack//Sign	.hack//SIGN	TV	26	Apr 4, 2002 to Sep 26, 2002	Spring 2002	Bandai Visual, Yomiko Advertising, Bandai, CyberConnect2	Funimation, Bandai Entertainment	Bee Train	Original	24 min. per ep.	PG-13 - Teens 13 or older	3687	940	158227	1359	6733	91528	8315	11881	39770	5266	8051	15537	20391	12617	7610	3688	1502	825	619
49	Aa! Megami-sama!	7,32	Comedy, Magic, Romance, Seinen, Supernatural	Oh! My Goddess	________	OVA	5	Feb 21, 1993 to May 17, 1994	Unknown	Bandai Visual, KSS, Pony Canyon, TBS, Kodansha, Half H.P Studio, Nichion	AnimEigo	AIC	Manga	30 min. per ep.	PG-13 - Teens 13 or older	2226	2360	46428	267	993	34581	860	894	9100	2021	3077	5826	7079	3737	1795	433	172	59	46
50	Aa! Megami-sama! (TV)	7,35	Comedy, Supernatural, Magic, Romance, Seinen	Ah! My Goddess	________	TV	24	Jan 7, 2005 to Jul 8, 2005	Winter 2005	Bandai Visual, TBS, Imagine	Media Blasters, NYAV Post	AIC	Manga	24 min. per ep.	PG-13 - Teens 13 or older	2116	1083	135747	1124	5841	85884	6517	7971	29534	5425	9097	17037	20033	10160	5221	1678	591	291	214
51	Tenshi Kinryouku	6,31	Action, Drama, Romance, Shoujo, Supernatural	Angel Sanctuary	_____	OVA	3	May 25, 2000 to Aug 25, 2000	Unknown	Bandai Visual, AIC, Lantis, Audio Tanaka	Media Blasters	Hal Film Maker	Manga	30 min. per ep.	R+ - Mild Nudity	6823	2419	43960	215	812	32981	749	1311	8107	1464	2043	3490	5450	5008	3621	2115	992	689	415
52	Kidou Tenshi Angelic Layer	7,26	Sci-Fi, Comedy, Sports, Drama, Shounen	Battle Doll Angelic Layer	_______________	TV	26	Apr 1, 2001 to Sep 23, 2001	Spring 2001	TV Tokyo Music	ADV Films, Sentai Filmworks	Bones	Manga	24 min. per ep.	PG-13 - Teens 13 or older	2529	2232	51022	290	1653	32978	2615	2852	10924	1644	3245	6253	7975	4261	2092	579	211	89	87
53	Ai Yori Aoshi	7,14	Harem, Slice of Life, Comedy, Drama, Romance	Ai Yori Aoshi	_____	TV	24	Apr 11, 2002 to Sep 26, 2002	Spring 2002	Movic, Fuji TV, Pioneer LDC, Cosmic Ray	Funimation, Geneon Entertainment USA	J.C.Staff	Manga	23 min. per ep.	PG-13 - Teens 13 or older	3012	1465	94793	458	4111	60075	4160	5814	20633	3124	5402	10587	13835	8066	4414	1627	609	287	206
54	Appleseed (Movie)	7,1	Action, Military, Sci-Fi, Police, Drama, Mecha, Shounen	Unknown	_______	Movie	1	Apr 17, 2004	Unknown	Mainichi Broadcasting System, Toho, TYO Animations, TYO	Sentai Filmworks, Geneon Entertainment USA	Digital Frontier	Manga	1 hr. 45 min.	R - 17+ (violence & profanity)	3206	1901	65139	173	787	52100	403	489	11360	2107	4369	8991	11644	6182	3050	1249	451	213	113
55	Arc the Lad	6,53	Action, Adventure, Fantasy, Horror, Sci-Fi	Unknown	_______	TV	26	Apr 5, 1999 to Sep 11, 1999	Spring 1999	Sony Pictures Entertainment, Aniplex	ADV Films	Bee Train	Game	22 min. per ep.	R - 17+ (violence & profanity)	5738	4259	14187	17	581	7032	718	910	4946	174	271	762	1605	1252	814	297	108	50	37
56	Avenger	5,91	Adventure, Fantasy, Sci-Fi, Shounen	Unknown	_______	TV	13	Oct 2, 2003 to Dec 25, 2003	Fall 2003	Production I.G	Bandai Entertainment	Bee Train, Xebec	Original	24 min. per ep.	R - 17+ (violence & profanity)	8501	4073	15779	21	617	7906	712	1255	5289	166	259	699	1335	1371	1135	698	343	222	133
57	Beck	8,31	Comedy, Drama, Music, Shounen, Slice of Life	Beck:Mongolian Chop Squad	___	TV	26	Oct 7, 2004 to Mar 31, 2005	Fall 2004	Marvelous, Starchild Records, Asatsu DK, Kodansha	Funimation	Madhouse	Manga	25 min. per ep.	R - 17+ (violence & profanity)	221	570	255668	7038	10580	133432	10190	8488	92978	23840	31103	30926	17566	6598	3000	1173	446	225	235
58	Blue Gender	7,05	Adventure, Romance, Mecha, Military, Sci-Fi, Horror, Space, Drama	Blue Gender	BLUE GENDER	TV	26	Oct 8, 1999 to Mar 31, 2000	Fall 1999	Youmex, Toshiba EMI	Funimation	AIC	Original	23 min. per ep.	R+ - Mild Nudity	3455	1886	65360	389	2738	31583	2534	3195	25310	1451	2733	5800	7810	4354	2327	1012	381	229	168
59	Chobits	7,43	Sci-Fi, Comedy, Drama, Romance, Ecchi, Seinen	Chobits	_____	TV	26	Apr 3, 2002 to Sep 25, 2002	Spring 2002	TBS, Pioneer LDC	Funimation, Geneon Entertainment USA	Madhouse	Manga	24 min. per ep.	PG-13 - Teens 13 or older	1804	332	402646	3859	15294	272425	18082	22409	74436	20499	32733	55560	58689	29800	14855	5772	2124	1159	816
60	Chrno Crusade	7,66	Action, Demons, Historical, Romance, Shounen, Supernatural	Chrono Crusade	________	TV	24	Nov 25, 2003 to Jun 10, 2004	Fall 2003	Lantis, Kadokawa Shoten, Fuji TV	ADV Films, Funimation	Gonzo	Manga	23 min. per ep.	R - 17+ (violence & profanity)	1120	742	198007	2064	8228	117484	9881	9842	52572	11469	16051	25109	23075	11012	5331	1919	652	280	256
61	D.N.Angel	7,2	Action, Comedy, Magic, Romance, Fantasy, School, Shoujo	D.N.Angel	_________	TV	26	Apr 3, 2003 to Sep 25, 2003	Spring 2003	Kadokawa Shoten	ADV Films, Discotek Media	Xebec	Manga	23 min. per ep.	PG-13 - Teens 13 or older	2761	891	167615	1523	5183	117045	7599	11057	26731	7515	11105	19858	25101	15032	8167	3203	1092	595	378
62	D.C.: Da Capo	6,77	Harem, Drama, Magic, Romance	D.C.~Da Capo~	D.C._______	TV	26	Jul 5, 2003 to Dec 27, 2003	Summer 2003	Lantis, King Records	Unknown	feel., Zexcs	Visual novel	24 min. per ep.	PG-13 - Teens 13 or older	4589	1852	67491	189	3024	36037	2840	3852	21738	1542	2446	5172	7807	5472	3340	1493	645	376	242
63	DearS	6,62	Sci-Fi, Harem, Comedy, Romance, Ecchi, Shounen	DearS	_____	TV	12	Jul 11, 2004 to Sep 26, 2004	Summer 2004	Bandai Visual, Hal Film Maker, Genco, Lantis	Discotek Media, Geneon Entertainment USA	Daume	Manga	23 min. per ep.	R+ - Mild Nudity	5274	1146	128788	391	3766	95113	3066	5507	21336	3464	5632	11499	19352	14791	8839	4070	1863	1029	730
64	Rozen Maiden	7,44	Action, Comedy, Drama, Magic, Seinen	Rozen Maiden	________	TV	12	Oct 8, 2004 to Dec 24, 2004	Fall 2004	Mellow Head, Pony Canyon, TBS, Memory-Tech, Studio Jack	Sentai Filmworks, Geneon Entertainment USA	Nomad	Manga	24 min. per ep.	PG-13 - Teens 13 or older	1782	846	176775	2074	5599	113914	6040	7852	43370	7868	12729	23021	23961	11535	5531	2028	737	387	292
65	Rozen Maiden: Träumend	7,65	Action, Comedy, Drama, Magic, Seinen	Rozen Maiden:Träumend	________ ______	TV	12	Oct 21, 2005 to Jan 27, 2006	Fall 2005	Mellow Head, TBS	Sentai Filmworks, Geneon Entertainment USA	Nomad	Manga	24 min. per ep.	PG-13 - Teens 13 or older	1146	1479	93768	516	2006	73523	2114	1647	14478	5500	9205	15835	14172	5733	2345	760	255	95	97
66	Azumanga Daioh	7,98	Slice of Life, Comedy, School	Azumanga Daioh:The Animation	_______ THE ANIMATION	TV	26	Apr 9, 2002 to Oct 1, 2002	Spring 2002	Genco, Lantis, Imagica, TV Tokyo Music, Cosmic Ray, King Records	ADV Films, Sentai Filmworks	J.C.Staff	4-koma manga	24 min. per ep.	PG-13 - Teens 13 or older	555	554	262980	5181	13747	143431	16133	13115	76554	18422	27283	35693	25478	10326	5162	1797	707	406	412
67	Basilisk: Kouga Ninpou Chou	7,58	Action, Adventure, Historical, Supernatural, Romance, Samurai, Fantasy	Basilisk	_____ _____	TV	24	Apr 13, 2005 to Sep 21, 2005	Spring 2005	GDH, Kodansha, Sotsu Music Publishing	Funimation	Gonzo	Manga	24 min. per ep.	R - 17+ (violence & profanity)	1325	940	156661	1467	6964	82153	6380	6957	54207	6677	11140	19570	17421	7816	3800	1554	643	316	244
68	Black Cat (TV)	7,38	Sci-Fi, Adventure, Comedy, Super Power, Shounen	Black Cat	________	TV	23	Oct 7, 2005 to Mar 31, 2006	Fall 2005	GDH, Dentsu, TBS, Sotsu Music Publishing	Funimation	Gonzo	Manga	24 min. per ep.	PG-13 - Teens 13 or older	1965	622	231668	1955	10510	142921	11736	11003	55498	8654	15253	29392	34019	16081	7534	2521	863	395	234
69	Cluster Edge	6,35	Action, Fantasy, Military, Sci-Fi	Unknown	CLUSTER EDGE__________	TV	25	Oct 5, 2005 to Mar 29, 2006	Fall 2005	Bandai Visual, Imagine	Sentai Filmworks	Sunrise	Original	24 min. per ep.	PG-13 - Teens 13 or older	6646	5061	9299	13	500	3068	629	942	4160	113	162	372	652	627	412	261	108	62	31
71	Full Metal Panic!	7,65	Action, Military, Sci-Fi, Comedy, Mecha	Full Metal Panic!	___________	TV	24	Jan 8, 2002 to Jun 18, 2002	Winter 2002	Kadokawa Shoten	ADV Films, Funimation	Gonzo	Light novel	24 min. per ep.	R - 17+ (violence & profanity)	1146	322	411230	4417	17458	264665	16076	13806	99225	17675	36500	64969	56993	21492	9171	3035	991	448	329
72	Full Metal Panic? Fumoffu	8,07	Action, Comedy, School	Full Metal Panic? Fumoffu	__________? ____	TV	12	Aug 26, 2003 to Oct 18, 2003	Summer 2003	Tatsunoko Production, Kadokawa Shoten, Fuji TV, Imagica, Rakuonsha, Kadokawa Pictures Japan, KlockWorx, Happinet Pictures, Animation Do	ADV Films, Funimation	Kyoto Animation	Light novel	24 min. per ep.	PG-13 - Teens 13 or older	452	571	254465	2988	5383	204041	4435	3533	37073	24023	37507	45884	30305	11085	4417	1332	442	194	164
73	Full Metal Panic! The Second Raid	7,96	Action, Military, Mecha	Full Metal Panic! The Second Raid	_____ _____The Second Raid	TV	13	Jul 14, 2005 to Oct 20, 2005	Summer 2005	Kadokawa Shoten, Happinet Pictures	ADV Films, Funimation, Kadokawa Pictures USA	Kyoto Animation	Light novel	24 min. per ep.	R - 17+ (violence & profanity)	579	639	227927	1358	4667	177524	3840	2271	39625	14139	30146	45246	29917	9377	3127	816	235	115	129
74	Gakuen Alice	7,65	Comedy, School, Shoujo, Super Power	Gakuen Alice	_____	TV	26	Oct 30, 2004 to May 14, 2005	Fall 2004	Aniplex, Sogo Vision	Nozomi Entertainment	Group TAC	Manga	25 min. per ep.	G - All Ages	1158	1640	81446	1613	2495	57369	2843	2916	15823	5560	7151	11074	11158	5331	2357	618	214	115	104
75	Soukyuu no Fafner: Dead Aggressor	7,3	Action, Drama, Mecha, Military, Sci-Fi	Fafner of the Blue Sky	________Dead Aggressor	TV	25	Jul 5, 2004 to Dec 27, 2004	Summer 2004	TV Tokyo Music, King Records	Funimation, Geneon Entertainment USA	Xebec	Original	24 min. per ep.	PG-13 - Teens 13 or older	2348	2523	40602	255	2179	16417	1849	1987	18170	926	1667	3344	3838	1827	955	424	184	94	71
76	Mahou Shoujo Lyrical Nanoha	7,42	Action, Comedy, Drama, Magic, Super Power	Magical Girl Lyrical Nanoha	___________	TV	13	Oct 3, 2004 to Dec 26, 2004	Fall 2004	Starchild Records, Omnibus Japan	Geneon Entertainment USA	Seven Arcs	Original	25 min. per ep.	PG-13 - Teens 13 or older	1828	1550	88890	1036	3287	47731	2865	2625	32382	3193	5032	9945	10737	4999	2363	736	276	140	112
77	Mahou Shoujo Lyrical Nanoha A's	7,99	Action, Comedy, Drama, Magic, Super Power	Magical Girl Lyrical Nanoha A's	___________ ___	TV	13	Oct 2, 2005 to Dec 25, 2005	Fall 2005	Starchild Records, Omnibus Japan	Geneon Entertainment USA	Seven Arcs	Original	25 min. per ep.	PG-13 - Teens 13 or older	551	2075	56981	1014	1367	40165	1088	828	13533	4189	6809	9368	6267	2220	864	250	83	53	71
79	Shuffle!	7,09	Harem, Comedy, Drama, Magic, Romance, Ecchi, Fantasy, School, Seinen	Shuffle!	SHUFFLE! (_____!)	TV	24	Jul 8, 2005 to Jan 6, 2006	Summer 2005	Xebec, Lantis, Memory-Tech	Funimation	Asread	Visual novel	23 min. per ep.	R+ - Mild Nudity	3231	600	240751	1572	10943	151944	9558	13227	55079	8852	14660	26443	32343	18951	10530	5019	2184	1323	1088
80	Mobile Suit Gundam	7,78	Action, Military, Sci-Fi, Space, Mecha	Mobile Suit Gundam	________	TV	43	Apr 7, 1979 to Jan 26, 1980	Spring 1979	Sotsu, Nagoya Broadcasting Network	Nozomi Entertainment, Bandai Entertainment	Sunrise	Original	25 min. per ep.	PG-13 - Teens 13 or older	867	1427	97216	1787	7737	52669	5473	3100	28237	5395	7488	12922	11417	4169	1598	505	179	59	104
81	Mobile Suit Gundam: The 08th MS Team	8,03	Adventure, Drama, Mecha, Military, Romance, Sci-Fi	Mobile Suit Gundam:The 08th MS Team	________ _08MS__	OVA	12	Jan 25, 1996 to Jul 25, 1999	Unknown	Atelier Musa	Bandai Entertainment	Sunrise	Original	25 min. per ep.	PG-13 - Teens 13 or older	511	1948	62655	911	2405	43537	1437	794	14482	4241	8768	11589	6745	2121	819	262	87	38	50
82	Mobile Suit Gundam 0080: War in the Pocket	7,9	Military, Sci-Fi, Space, Drama, Mecha	Mobile Suit Gundam 0080:War in the Pocket	________ 0080 _________	OVA	6	Mar 25, 1989 to Aug 25, 1989	Unknown	Bandai Visual	Nozomi Entertainment, Bandai Entertainment	Sunrise	Original	27 min. per ep.	PG-13 - Teens 13 or older	677	2444	43308	717	978	30112	595	392	11231	2957	5210	7398	5147	1817	748	236	82	36	47
83	Mobile Suit Gundam: The 08th MS Team - Miller's Report	6,79	Military, Sci-Fi, Drama, Romance, Mecha	Unknown	________ _08MS__ _________	Movie	1	Aug 1, 1998	Unknown	Sotsu, Atelier Musa	Bandai Entertainment	Sunrise	Original	52 min.	PG-13 - Teens 13 or older	4498	4660	11460	3	149	8314	130	136	2731	275	461	1054	1788	1273	630	193	73	30	22
84	Mobile Suit Gundam 0083: Stardust Memory	7,3	Military, Sci-Fi, Adventure, Space, Drama, Romance, Mecha	Mobile Suit Gundam 0083:Stardust Memory	________0083 STARDUST MEMORY	OVA	13	May 23, 1991 to Sep 24, 1992	Unknown	Bandai Visual	Nozomi Entertainment, Bandai Entertainment	Sunrise	Original	30 min. per ep.	PG-13 - Teens 13 or older	2361	2791	33687	230	977	24492	715	448	7055	1167	2602	5380	5460	2544	1163	497	180	58	41
85	Mobile Suit Zeta Gundam	7,92	Military, Sci-Fi, Space, Drama, Romance, Mecha	Mobile Suit Zeta Gundam	_________	TV	50	Mar 2, 1985 to Feb 22, 1986	Spring 1985	Sotsu, Nagoya Broadcasting Network	Nozomi Entertainment, Bandai Entertainment	Sunrise	Original	24 min. per ep.	PG-13 - Teens 13 or older	655	2159	53822	1721	3912	32798	2628	1049	13435	4021	5901	7986	5578	2118	896	392	152	65	97
86	Mobile Suit Gundam ZZ	6,66	Space, Comedy, Mecha, Military, Drama, Sci-Fi	Mobile Suit Gundam ZZ	________ZZ	TV	47	Mar 1, 1986 to Jan 31, 1987	Spring 1986	Sotsu, Nagoya Broadcasting Network	Nozomi Entertainment	Sunrise	Original	24 min. per ep.	PG-13 - Teens 13 or older	5111	2941	30758	130	1647	18408	1354	917	8432	622	1062	2740	4440	2977	1601	930	372	182	115
87	Mobile Suit Gundam: Char's Counterattack	7,68	Military, Sci-Fi, Space, Drama, Mecha	Mobile Suit Gundam:Char's Counterattack	________ ______	Movie	1	Mar 12, 1988	Unknown	Sotsu, Nozomi Entertainment, Atelier Musa	Bandai Entertainment	Sunrise, Studio Hibari	Novel	1 hr. 59 min.	PG-13 - Teens 13 or older	1084	2773	34221	293	437	25957	233	171	7423	2400	3571	5995	4692	1865	824	376	147	69	54
88	Mobile Suit Gundam F91	6,67	Drama, Mecha, Military, Sci-Fi, Space	Mobile Suit Gundam F91	_________91	Movie	1	Mar 16, 1991	Unknown	Sotsu, Shochiku, Atelier Musa, Nagoya Broadcasting Network	Nozomi Entertainment, Bandai Entertainment	Sunrise	Unknown	2 hr.	PG-13 - Teens 13 or older	5049	3387	23161	63	357	16731	207	193	5673	530	892	2239	3834	2824	1462	649	221	93	52
89	Mobile Suit Victory Gundam	6,76	Drama, Mecha, Military, Sci-Fi, Space	Mobile Suit V Gundam	____V____	TV	51	Apr 2, 1993 to Mar 25, 1994	Spring 1993	TV Asahi, Sotsu, Apollon	Nozomi Entertainment	Sunrise, Studio Deen	Original	24 min. per ep.	PG-13 - Teens 13 or older	4632	3588	20794	95	1225	10068	1094	628	7779	430	735	1589	2272	1406	796	487	240	90	89
90	Mobile Suit Gundam Wing	7,72	Action, Military, Sci-Fi, Space, Drama, Mecha	Mobile Suit Gundam Wing	_________W	TV	49	Apr 7, 1995 to Mar 29, 1996	Spring 1995	TV Asahi	Bandai Entertainment	Sunrise	Original	24 min. per ep.	PG-13 - Teens 13 or older	984	1118	132208	2538	5922	95155	5945	4411	20775	9965	13704	21396	18315	7559	3460	1507	518	210	175
91	Mobile Suit Gundam Wing: Endless Waltz	7,76	Action, Drama, Mecha, Military, Sci-Fi, Space	Mobile Suit Gundam Wing:Endless Waltz	_________W _________	OVA	3	Jan 25, 1997 to Jul 25, 1997	Unknown	Bandai Visual, Sotsu	Bandai Entertainment	Sunrise	Original	30 min. per ep.	PG-13 - Teens 13 or older	897	2512	41030	221	500	34369	280	250	5631	3190	4480	6953	5766	2210	921	307	127	54	50
92	After War Gundam X	7,32	Sci-Fi, Adventure, Space, Drama, Mecha	After War Gundam X	_________X	TV	39	Apr 5, 1996 to Dec 28, 1996	Spring 1996	TV Asahi, Sotsu	Nozomi Entertainment	Sunrise	Original	24 min. per ep.	PG-13 - Teens 13 or older	2228	3043	28862	189	1554	15987	1746	983	8592	788	1633	3412	3998	1801	813	304	100	43	39
93	Mobile Suit Gundam SEED	7,79	Action, Drama, Mecha, Military, Romance, Sci-Fi, Space	Mobile Suit Gundam SEED	________SEED	TV	50	Oct 5, 2002 to Sep 27, 2003	Fall 2002	Sotsu, Asatsu DK, Mainichi Broadcasting System, Sony Music Entertainment, Atelier Musa	Bandai Entertainment, NYAV Post	Sunrise	Original	24 min. per ep.	R - 17+ (violence & profanity)	850	1057	140346	3584	4898	101920	4589	5021	23918	11353	15863	22505	17695	7560	3710	1701	762	379	404
94	Mobile Suit Gundam SEED Destiny	7,22	Action, Drama, Mecha, Military, Romance, Sci-Fi, Space	Unknown	________SEED DESTINY	TV	50	Oct 9, 2004 to Oct 1, 2005	Fall 2004	Sotsu, Mainichi Broadcasting System, Sony Music Entertainment	Bandai Entertainment, NYAV Post	Sunrise	Original	24 min. per ep.	R - 17+ (violence & profanity)	2687	1530	90208	1206	2210	70845	2251	2749	12153	5979	8245	12662	12913	6928	3887	2752	1300	865	584
95	Turn A Gundam	7,7	Action, Military, Sci-Fi, Adventure, Space, Drama, Romance, Mecha	_ Gundam	_____	TV	50	Apr 9, 1999 to Apr 14, 2000	Spring 1999	Sotsu, Fuji TV	Nozomi Entertainment	Sunrise, Nakamura Production	Original	24 min. per ep.	PG-13 - Teens 13 or older	1018	2714	35670	760	2378	14651	2327	1448	14866	1815	2212	3129	2892	1403	706	299	127	87	66
96	Mobile Fighter G Gundam	7,56	Adventure, Comedy, Drama, Martial Arts, Mecha, Romance, Sci-Fi, Space, Sports	Mobile Fighter G Gundam	_____G____	TV	49	Apr 1, 1994 to Mar 31, 1995	Spring 1994	TV Asahi, Sotsu	Bandai Entertainment	Sunrise	Original	24 min. per ep.	PG-13 - Teens 13 or older	1396	2109	55463	896	2499	38653	2505	1607	10199	3208	4873	8426	8118	3463	1607	696	279	129	104
97	Last Exile	7,82	Action, Sci-Fi, Adventure	Last Exile	LAST EXILE__________	TV	26	Apr 8, 2003 to Sep 30, 2003	Spring 2003	GDH, Victor Entertainment, TV Tokyo Music	Funimation, Geneon Entertainment USA	Gonzo	Original	24 min. per ep.	PG-13 - Teens 13 or older	795	995	149528	1848	5943	77235	6541	5038	54771	7078	12558	20122	14844	5886	2579	825	286	140	109
98	Mai-HiME	7,46	Action, Comedy, Drama, Fantasy, Magic, Mecha, Romance, School, Shoujo Ai	My-Hime	_-HiME	TV	26	Sep 30, 2004 to Mar 31, 2005	Fall 2004	Bandai Visual, TV Tokyo Music, Studio Zain	Funimation, Bandai Entertainment	Sunrise	Original	23 min. per ep.	PG-13 - Teens 13 or older	1698	1381	101495	1262	3442	60321	3690	4215	29827	4076	7287	12622	12897	6091	3053	1129	391	211	191
99	Mai-Otome	7,31	Comedy, Drama, Fantasy, Magic	My-Otome	_-_HiME	TV	26	Oct 7, 2005 to Mar 31, 2006	Fall 2005	Bandai Visual, Lantis, TV Tokyo Music	Funimation, Bandai Entertainment	Sunrise	Original	24 min. per ep.	PG-13 - Teens 13 or older	2308	2370	46018	333	1147	31335	1222	1598	10716	1673	3271	5798	6647	3441	1676	706	242	128	101
100	Shin Shirayuki-hime Densetsu Prétear	7,2	Comedy, Drama, Fantasy, Magic, Romance, Shoujo, Super Power	Prétear:The New Legend of Snow White	____________	TV	13	Apr 4, 2001 to Jun 27, 2001	Spring 2001	Kadokawa Shoten, Rondo Robe	ADV Films, Funimation	Hal Film Maker	Manga	23 min. per ep.	PG-13 - Teens 13 or older	2785	2162	53508	457	1607	33827	1504	1760	14810	2198	3135	5368	7030	4152	2306	783	270	127	98
101	Air	7,32	Slice of Life, Supernatural, Drama, Romance	Air	AIR	TV	12	Jan 7, 2005 to Mar 25, 2005	Winter 2005	Pony Canyon, TBS, Movic	ADV Films, Funimation	Kyoto Animation	Visual novel	24 min. per ep.	PG-13 - Teens 13 or older	2230	563	259381	2704	7367	170036	8109	9992	63877	15057	20060	31042	33295	19368	10463	4988	2039	1105	803
102	Aishiteruze Baby__	7,48	Comedy, Drama, Romance, Shoujo	Unknown	_____ _____	TV	26	Apr 3, 2004 to Oct 9, 2004	Spring 2004	Animax, Toei Video, Sunny Side Up	Unknown	TMS Entertainment	Manga	25 min. per ep.	PG-13 - Teens 13 or older	1634	1529	89533	571	3772	59770	4008	4946	17037	4497	7282	12321	12618	6389	3227	1069	426	187	180
103	Akazukin Chacha	7,39	Adventure, Comedy, Fantasy, Magic, Romance, Shoujo	Red Riding Hood Chacha	________	TV	74	Jan 7, 1994 to Jun 30, 1995	Winter 1994	Nihon Ad Systems, Shueisha	Unknown	Gallop	Manga	24 min. per ep.	G - All Ages	1941	4551	12006	88	691	5140	993	994	4188	407	578	1068	1283	664	379	76	28	18	16
104	Ayashi no Ceres	7,23	Adventure, Comedy, Horror, Psychological, Supernatural, Drama, Romance, Shoujo	Ceres, Celestial Legend	______	TV	24	Apr 20, 2000 to Sep 28, 2000	Spring 2000	Bandai Visual	VIZ Media, Discotek Media	Studio Pierrot	Manga	21 min. per ep.	R - 17+ (violence & profanity)	2641	2182	53189	535	2099	31162	2479	3400	14049	2450	3244	5415	6299	3891	2210	923	322	216	149
105	Boys Be...	6,46	Slice of Life, Comedy, Romance, Shounen	Boys Be...	_______	TV	13	Apr 11, 2000 to Jul 4, 2000	Spring 2000	Unknown	Nozomi Entertainment	Hal Film Maker	Manga	23 min. per ep.	PG-13 - Teens 13 or older	6088	3665	20032	41	768	10371	809	1385	6699	293	487	1201	2242	1965	1301	521	206	135	95
106	Hana yori Dango	7,7	Drama, Romance, School, Shoujo	Hana Yori Dango	_____	TV	51	Sep 8, 1996 to Aug 31, 1997	Fall 1996	Unknown	VIZ Media, Discotek Media	Toei Animation	Manga	25 min. per ep.	PG-13 - Teens 13 or older	1027	2293	48623	762	2502	25257	2178	2974	15712	3054	3590	4926	4575	2356	1150	531	184	131	125
107	Ou Dorobou Jing	7,23	Adventure, Comedy, Fantasy, Sci-Fi, Shounen	Jing:King of Bandits	_____ JING	TV	13	May 15, 2002 to Aug 14, 2002	Spring 2002	Aniplex	ADV Films	Studio Deen	Manga	24 min. per ep.	PG-13 - Teens 13 or older	2625	2817	32988	210	1343	16532	1452	1714	11947	1207	1611	2900	3598	2020	1075	433	186	101	56
108	Ou Dorobou Jing in Seventh Heaven	7,29	Adventure, Fantasy, Psychological, Comedy, Shounen	Jing:King of Bandits - Seventh Heaven	_____ JING in Seventh Heaven	OVA	3	Jan 21, 2004 to Apr 28, 2004	Unknown	Aniplex	ADV Films, Funimation	Studio Deen	Manga	30 min. per ep.	PG-13 - Teens 13 or older	2367	4619	11591	29	283	7309	208	159	3632	465	673	1208	1470	746	344	141	42	20	14
109	Bakuretsu Tenshi	6,81	Adventure, Comedy, Mecha, Sci-Fi	Burst Angel	____	TV	24	Apr 7, 2004 to Sep 15, 2004	Spring 2004	GDH, TV Asahi, Imagica	Funimation	Gonzo	Original	23 min. per ep.	PG-13 - Teens 13 or older	4381	1965	62106	257	2789	34321	3539	4492	16965	1383	2510	5383	8232	5547	3386	1514	575	283	185
110	Chuuka Ichiban!	7,63	Action, Comedy, Drama, Shounen	Unknown	____	TV	52	Apr 27, 1997 to Sep 13, 1998	Spring 1997	Unknown	Unknown	Nippon Animation	Manga	23 min. per ep.	PG-13 - Teens 13 or older	1195	4086	15608	107	990	8203	837	817	4761	653	1051	1978	1930	768	313	85	29	12	26
111	Corrector Yui	6,83	Sci-Fi, Adventure, Comedy, Magic	Corrector Yui	________	TV	52	Apr 9, 1999 to Oct 20, 2000	Spring 1999	NHK, Studio Tron	VIZ Media	Nippon Animation	Original	25 min. per ep.	PG - Children	4318	4519	12222	50	463	6825	661	963	3310	288	424	929	1531	1205	635	217	90	32	29
112	Chou Henshin Cosprayers	4,95	Action, Ecchi, Adventure, Fantasy, Magic, Comedy, Super Power, Sci-Fi	The Cosmopolitan Prayers	_____∞_____	TV	8	Jan 12, 2004 to Mar 1, 2004	Winter 2004	m.o.e.	Unknown	Imagin, Studio Live	Original	14 min. per ep.	PG-13 - Teens 13 or older	10648	5542	7392	5	269	3567	243	568	2745	58	65	159	332	474	547	390	306	258	206
113	Uchuu no Stellvia	7,38	Action, Mecha, Romance, Sci-Fi, Space	Stellvia	_________	TV	26	Apr 3, 2003 to Sep 25, 2003	Spring 2003	Starchild Records, TV Tokyo Music	Discotek Media, Geneon Entertainment USA	Xebec	Original	23 min. per ep.	PG-13 - Teens 13 or older	1980	3577	20924	127	820	10722	957	960	7465	602	1185	2345	2383	1088	624	190	77	32	38
114	Sakigake!! Cromartie Koukou	7,93	Comedy, School, Shounen	Cromartie High School	_!! _______	TV	26	Oct 3, 2003 to Mar 26, 2004	Fall 2003	TV Tokyo Music	ADV Films, Sentai Filmworks, Discotek Media	Production I.G	Manga	12 min. per ep.	PG-13 - Teens 13 or older	631	1279	112001	1561	8242	49634	7970	5164	40991	6849	9462	13308	9330	3951	1749	777	340	190	181
115	El Hazard: The Alternative World	6,83	Adventure, Comedy, Fantasy	Unknown	____________	TV	13	Jan 8, 1998 to Mar 26, 1998	Winter 1998	Pioneer LDC	Geneon Entertainment USA	AIC	Original	25 min. per ep.	PG-13 - Teens 13 or older	4315	4961	9684	10	275	6251	307	352	2499	213	339	820	1383	944	460	158	57	25	19
116	El Hazard: The Wanderers	6,97	Adventure, Comedy, Romance, Fantasy	El-Hazard:The Wanderers	___________	TV	26	Oct 6, 1995 to Mar 29, 1996	Fall 1995	TV Tokyo, Geneon Universal Entertainment, SoftX, Pioneer LDC, TV Tokyo Music, Atelier Musa	Nozomi Entertainment, Geneon Entertainment USA	AIC	Original	23 min. per ep.	PG-13 - Teens 13 or older	3735	4198	14603	35	613	8190	628	667	4505	333	526	1268	2070	1145	604	194	75	28	27
117	El Hazard: The Magnificent World	7,32	Adventure, Comedy, Romance, Fantasy	Unknown	___________	OVA	7	May 26, 1995 to Jan 25, 1996	Unknown	Pioneer LDC	Nozomi Entertainment, Geneon Entertainment USA	AIC	Original	34 min. per ep.	PG-13 - Teens 13 or older	2240	4129	15406	91	521	9059	408	352	5066	472	812	1707	2079	1016	451	116	31	17	21
118	El Hazard 2: The Magnificent World	6,85	Adventure, Comedy, Fantasy	Unknown	_____ ______ _2_	OVA	4	Mar 21, 1997 to Oct 25, 1997	Unknown	Pioneer LDC	Geneon Entertainment USA	AIC	Original	30 min. per ep.	PG-13 - Teens 13 or older	4239	5421	7745	5	163	5472	166	120	1824	171	312	708	1243	772	386	135	41	14	9
119	Final Approach	6,56	Comedy, Drama, Romance, Slice of Life	Unknown	_________	TV	13	Oct 3, 2004 to Dec 26, 2004	Fall 2004	Trinet Entertainment	Unknown	Zexcs	Visual novel	14 min. per ep.	PG-13 - Teens 13 or older	5567	2887	31774	48	958	21798	756	1088	7174	706	1106	2476	4634	3714	2099	946	430	219	135
120	Fruits Basket	7,69	Slice of Life, Comedy, Supernatural, Drama, Romance, Shoujo	Fruits Basket	_________	TV	26	Jul 5, 2001 to Dec 27, 2001	Summer 2001	TV Tokyo, Nihon Ad Systems, King Records	Funimation	Studio Deen	Manga	24 min. per ep.	PG-13 - Teens 13 or older	1058	314	420919	9504	15410	297921	12910	16709	77969	31688	40622	59206	56487	25501	12518	4273	1538	810	684
121	Fullmetal Alchemist	8,17	Action, Adventure, Comedy, Drama, Fantasy, Magic, Military, Shounen	Fullmetal Alchemist	______	TV	51	Oct 4, 2003 to Oct 2, 2004	Fall 2003	Aniplex, Dentsu, Square Enix, Mainichi Broadcasting System	Funimation, Aniplex of America	Bones	Manga	24 min. per ep.	PG-13 - Teens 13 or older	337	52	1151621	26564	52738	880215	41631	38693	138344	124399	176993	211302	133850	44438	16255	5872	1769	970	1150
122	Full Moon wo Sagashite	7,96	Music, Comedy, Supernatural, Drama, Romance, Shoujo	Searching for the Full Moon	_______	TV	52	Apr 6, 2002 to Mar 29, 2003	Spring 2002	Nihon Ad Systems	VIZ Media	Studio Deen	Manga	24 min. per ep.	PG-13 - Teens 13 or older	585	1519	90884	1823	3807	51760	4784	5484	25049	7554	8073	10115	8601	4017	2128	662	301	147	118
123	Fushigi Yuugi	7,64	Adventure, Fantasy, Magic, Martial Arts, Comedy, Romance, Historical, Drama, Shoujo	Mysterious Play	_____	TV	52	Apr 6, 1995 to Mar 28, 1996	Spring 1995	TV Tokyo, Shogakukan-Shueisha Productions, Yomiko Advertising, Apollon	Media Blasters, Geneon Entertainment USA	Studio Pierrot	Manga	23 min. per ep.	PG-13 - Teens 13 or older	1172	1434	96861	2277	5124	53674	5497	5964	26602	6725	7328	10308	10558	5267	2796	1106	434	249	184
124	Fushigi Yuugi: Eikouden	6,86	Adventure, Fantasy, Romance, Drama, Shoujo	Mysterious Play:Eikoden	_____ -___	OVA	4	Dec 21, 2001 to Jun 25, 2002	Unknown	Unknown	Media Blasters, Geneon Entertainment USA	Studio Pierrot	Manga	30 min. per ep.	PG-13 - Teens 13 or older	4189	4101	15576	69	257	11630	225	218	3246	844	938	1382	1942	1311	813	459	229	137	86
125	Futakoi	6,49	Comedy, Romance, School	Twin Love	__	TV	13	Oct 6, 2004 to Dec 29, 2004	Fall 2004	Lantis	Unknown	Telecom Animation Film	Original	24 min. per ep.	PG-13 - Teens 13 or older	5946	2900	31358	22	1052	19836	962	1485	8023	554	951	2189	3951	3320	2136	955	400	199	123
126	Futakoi Alternative	6,91	Comedy, Drama, Romance	Unknown	____ _______	TV	13	Apr 7, 2005 to Jun 30, 2005	Spring 2005	Lantis	Unknown	ufotable, feel., Studio Flag	Original	24 min. per ep.	PG-13 - Teens 13 or older	3968	3071	28297	71	1073	13965	1144	1565	10550	560	1097	2174	3058	2019	1125	534	209	112	72
127	Gate Keepers	6,96	Action, Sci-Fi, Comedy, Fantasy, Mecha, Shounen	Unknown	________	TV	24	Apr 3, 2000 to Sep 18, 2000	Spring 2000	Media Factory	Geneon Entertainment USA	Gonzo	Game	25 min. per ep.	PG-13 - Teens 13 or older	3767	3717	19351	59	726	11013	941	1182	5489	368	734	1738	2740	1575	850	289	121	54	37
128	Gate Keepers 21	6,79	Action, Drama, Mecha, Sci-Fi, Shounen	Unknown	________21	OVA	6	Apr 24, 2002 to Jan 8, 2003	Unknown	Unknown	Geneon Entertainment USA	Gonzo	Game	30 min. per ep.	PG-13 - Teens 13 or older	4489	5026	9399	23	216	5904	271	273	2735	148	364	769	1295	910	484	166	51	34	19
129	Gensoumaden Saiyuuki	7,59	Action, Adventure, Comedy, Demons, Drama, Shounen, Supernatural	Saiyuki	____ ___	TV	50	Apr 4, 2000 to Mar 27, 2001	Spring 2000	TV Tokyo, Dentsu, Group TAC	ADV Films	Studio Pierrot	Manga	23 min. per ep.	R - 17+ (violence & profanity)	1315	2359	46228	833	2628	22100	3188	3069	15243	2047	2974	4914	4998	2227	1164	477	160	95	84
130	Saiyuuki Reload	7,41	Action, Adventure, Comedy, Demons, Drama, Josei, Supernatural	Saiyuki Reload	___RELOAD	TV	25	Oct 2, 2003 to Mar 25, 2004	Fall 2003	Unknown	Geneon Entertainment USA	Studio Pierrot	Manga	23 min. per ep.	PG-13 - Teens 13 or older	1858	3071	28277	116	1224	15616	1186	1189	9062	991	1565	3008	3394	1533	687	239	91	41	44
131	Saiyuuki Reload Gunlock	7,42	Action, Adventure, Comedy, Demons, Drama, Josei, Supernatural	Saiyuki Gunlock	___RELOAD GUNLOCK	TV	26	Apr 2, 2004 to Sep 24, 2004	Spring 2004	Unknown	Geneon Entertainment USA	Studio Pierrot	Manga	24 min. per ep.	PG-13 - Teens 13 or older	1840	3724	19393	51	728	10446	702	519	6998	716	1020	1877	2162	944	439	157	62	20	24
132	GetBackers	7,61	Action, Comedy, Drama, Mystery, Shounen, Super Power, Supernatural	Getbackers	____________	TV	49	Oct 5, 2002 to Sep 20, 2003	Fall 2002	TBS, Kodansha, Rondo Robe, Rakuonsha	ADV Films, Sentai Filmworks	Studio Deen	Manga	24 min. per ep.	PG-13 - Teens 13 or older	1249	1339	105139	911	5642	55921	8039	7436	28101	4256	7697	13542	13161	5666	2726	877	320	136	108
133	Green Green	6,21	Comedy, Ecchi, Romance, School, Slice of Life	Green Green	________	TV	12	Jul 12, 2003 to Sep 27, 2003	Summer 2003	Pony Canyon, Memory-Tech, Studio Jack	Media Blasters	Studio Matrix	Visual novel	24 min. per ep.	R+ - Mild Nudity	7303	1333	106208	263	2671	79017	2144	5446	16930	2977	4121	8463	13923	12367	8440	4931	2663	2082	1929
134	Gunslinger Girl	7,42	Action, Psychological, Military, Drama, Sci-Fi	Gunslinger Girl	___________	TV	13	Oct 9, 2003 to Feb 19, 2004	Fall 2003	Marvelous, Fuji TV	Funimation	Madhouse	Manga	24 min. per ep.	R - 17+ (violence & profanity)	1821	920	161010	1140	6742	82948	7728	8160	55432	5251	9781	18687	18770	9310	4497	1770	641	294	273
135	Hikaru no Go	8,11	Comedy, Game, Shounen, Supernatural	Hikaru no Go	_____	TV	75	Oct 10, 2001 to Mar 26, 2003	Fall 2001	TV Tokyo, Dentsu, Dream Force	VIZ Media	Studio Pierrot	Manga	23 min. per ep.	PG-13 - Teens 13 or older	400	1287	111164	2186	5480	62705	6454	6700	29825	8488	12124	15895	10584	4099	1818	520	171	84	121
136	Hunter x Hunter	8,42	Action, Adventure, Super Power, Fantasy, Shounen	Hunter x Hunter	HUNTER_HUNTER___________	TV	62	Oct 16, 1999 to Mar 31, 2001	Fall 1999	Fuji TV	VIZ Media	Nippon Animation	Manga	23 min. per ep.	PG-13 - Teens 13 or older	143	319	416227	9525	28061	260968	15535	15100	96563	47419	54430	58285	30731	9392	3638	1134	429	258	756
137	Hunter x Hunter: Original Video Animation	8,33	Action, Adventure, Super Power, Shounen	Unknown	HUNTER_HUNTER Original Video Animation	OVA	8	Jan 17, 2002 to Apr 17, 2002	Unknown	Unknown	Unknown	Nippon Animation	Manga	24 min. per ep.	PG-13 - Teens 13 or older	205	1375	101579	408	2115	80683	832	776	17173	11508	14218	16660	8671	2419	805	184	76	39	337
138	Hunter x Hunter: Greed Island	8,21	Action, Adventure, Super Power, Fantasy, Shounen	Unknown	_________:Greed Island	OVA	8	Feb 5, 2003 to Apr 16, 2003	Unknown	Unknown	Unknown	Nippon Animation	Manga	22 min. per ep.	PG-13 - Teens 13 or older	299	1244	116633	318	2256	98042	833	802	14700	12763	16102	20072	11433	3505	1179	386	160	131	300
139	Hunter x Hunter: Greed Island Final	8,29	Action, Adventure, Super Power, Fantasy, Shounen	Unknown	__________G_I_Final	OVA	14	Mar 3, 2004 to Aug 18, 2004	Unknown	Unknown	Unknown	Nippon Animation	Manga	24 min. per ep.	PG-13 - Teens 13 or older	230	1288	111292	268	2091	92109	827	750	15515	12905	16044	18455	9667	2997	1048	351	155	111	304
141	Jinki:Extend	6,14	Mecha, Sci-Fi	Jinki:Extend	__________	TV	12	Jan 6, 2005 to Mar 24, 2005	Winter 2005	TV Asahi, GANSIS	ADV Films, Funimation	feel.	Manga	23 min. per ep.	R - 17+ (violence & profanity)	7618	4923	9900	10	420	4784	474	699	3523	95	146	451	957	909	710	314	129	76	46
142	Kamikaze Kaitou Jeanne	7,45	Adventure, Comedy, Demons, Drama, Fantasy, Magic, Mystery, Romance, Shoujo	Unknown	________	TV	44	Feb 13, 1999 to Jan 29, 2000	Winter 1999	Unknown	Unknown	Toei Animation	Manga	24 min. per ep.	PG-13 - Teens 13 or older	1746	2363	46140	499	1518	32304	1751	1977	8590	2675	3492	5692	6523	3509	1692	538	167	101	54
143	Kannazuki no Miko	6,87	Supernatural, Drama, Magic, Romance, Mecha, Shounen, Shoujo Ai	Destiny of the Shrine Maiden	______	TV	12	Oct 2, 2004 to Dec 18, 2004	Fall 2004	Studio Fantasia, Geneon Universal Entertainment, Remic, Front Line, Kodansha, Rondo Robe, Memory-Tech, Toshiba Entertainment	Sentai Filmworks, Geneon Entertainment USA	TNK	Manga	24 min. per ep.	PG-13 - Teens 13 or older	4169	2000	60077	767	2269	33411	2025	2994	19378	2385	2784	4804	6447	4552	2848	1593	750	414	297
144	Kanon	7,11	Drama, Romance, Slice of Life, Supernatural	Unknown	___	TV	13	Jan 31, 2002 to Mar 28, 2002	Winter 2002	Movic, Fuji TV, Fujipacific Music	Funimation	Toei Animation	Visual novel	24 min. per ep.	G - All Ages	3174	2105	55784	248	1418	32662	1469	2522	17713	2080	2785	5100	6498	3833	2084	886	450	251	235
145	Kareshi Kanojo no Jijou	7,61	Comedy, Drama, Romance, School, Shoujo, Slice of Life	His and Her Circumstances	_______	TV	26	Oct 2, 1998 to Mar 26, 1999	Fall 1998	TV Tokyo, GANSIS	Nozomi Entertainment	Gainax, J.C.Staff	Manga	24 min. per ep.	PG-13 - Teens 13 or older	1254	875	170539	2188	11136	75368	10132	7994	65909	6330	11119	18489	16634	7499	3331	1230	428	262	209
146	Kono Minikuku mo Utsukushii Sekai	6,76	Sci-Fi, Comedy, Drama, Magic, Romance, Ecchi	This Ugly Yet Beautiful World	__________	TV	12	Apr 2, 2004 to Jun 18, 2004	Spring 2004	Geneon Universal Entertainment, TBS, Rondo Robe, Movic	ADV Films	Gainax, Shaft	Original	24 min. per ep.	R+ - Mild Nudity	4625	2145	54222	178	1995	33816	1909	2381	14121	1514	2347	4842	7311	5021	3079	1446	607	343	197
147	Kimi ga Nozomu Eien	7,24	Drama, Romance, Slice of Life	Rumbling Hearts	______	TV	14	Oct 5, 2003 to Jan 4, 2004	Fall 2003	Lantis, Media Factory, Age	Funimation	Studio Fantasia	Visual novel	23 min. per ep.	R+ - Mild Nudity	2604	1187	123752	1072	3792	75846	3242	4458	36414	6057	9127	14332	14635	8360	4503	2468	1128	771	691
148	Kita e.: Diamond Dust Drops	6,62	Drama, Romance, Slice of Life	Diamond Daydreams	___ _Diamond Dust Drops_	TV	12	Jan 20, 2004 to Apr 5, 2004	Winter 2004	Unknown	ADV Films	Studio Deen	Visual novel	24 min. per ep.	PG-13 - Teens 13 or older	5305	5411	7823	9	345	2781	354	418	3925	106	151	400	688	480	310	124	75	17	20
149	Loveless	6,86	Action, Mystery, Supernatural, Drama, Romance, Fantasy, Josei, Shounen Ai	Loveless	LOVELESS	TV	12	Apr 7, 2005 to Jun 30, 2005	Spring 2005	Bandai Visual, TV Asahi, Movic	Media Blasters	J.C.Staff	Manga	24 min. per ep.	PG-13 - Teens 13 or older	4203	1215	121063	1632	4134	81173	4010	8783	22963	5825	7084	10721	14257	10659	6853	3832	1732	1173	1081
150	Blood+	7,66	Action, Military, Mystery, Horror, Supernatural, Drama, Vampire	Blood+	_______	TV	50	Oct 8, 2005 to Sep 23, 2006	Fall 2005	Aniplex, Mainichi Broadcasting System	Sony Pictures Entertainment	Production I.G	Original	24 min. per ep.	R - 17+ (violence & profanity)	1116	431	317767	4623	17892	163002	20855	20329	95689	16366	23972	36825	34360	16234	8377	3281	1140	595	452
151	Re: Cutey Honey	7,12	Action, Sci-Fi, Comedy, Ecchi, Shoujo Ai	Unknown	Re:_________	OVA	3	Jul 24, 2004 to Sep 25, 2004	Unknown	Toei Video	Unknown	Gainax, Toei Animation	Manga	46 min. per ep.	R+ - Mild Nudity	3130	3430	22697	133	914	10939	588	534	9722	433	903	2314	2742	1446	651	223	98	38	42
152	Solty Rei	7,28	Action, Sci-Fi, Super Power	Unknown	______	TV	24	Oct 7, 2005 to Mar 31, 2006	Fall 2005	AIC, TV Asahi, Sotsu Music Publishing	Funimation	Gonzo	Original	23 min. per ep.	R - 17+ (violence & profanity)	2447	3233	25666	124	1098	13419	1462	1473	8214	730	1303	2914	3287	1692	853	286	111	46	37
153	Juuni Kokuki	8,06	Action, Adventure, Fantasy, Magic, Supernatural	The Twelve Kingdoms	____	TV	45	Apr 9, 2002 to Aug 30, 2003	Spring 2002	Sogo Vision	Media Blasters, Discotek Media, Tokyopop	Studio Pierrot	Novel	25 min. per ep.	PG-13 - Teens 13 or older	464	1266	113627	2261	6948	41705	5871	4897	54206	6014	8974	10809	6879	2926	1462	616	277	146	154
154	Shaman King	7,78	Action, Adventure, Comedy, Super Power, Supernatural, Shounen	Shaman King	________	TV	64	Jul 4, 2001 to Sep 25, 2002	Summer 2001	TV Tokyo, Nihon Ad Systems, TV Tokyo Music	4Kids Entertainment	Xebec	Manga	23 min. per ep.	PG-13 - Teens 13 or older	853	477	294021	3672	11999	208822	11722	13069	48409	22092	27013	45643	41073	16854	6947	2045	797	342	254
155	X/1999	6,59	Action, Drama, Fantasy, Horror, Magic, Sci-Fi, Supernatural	X - The Movie	____, X/1999	Movie	1	Aug 3, 1996	Unknown	Kadokawa Shoten, Victor Entertainment, Marubeni, Movic, Sega, Shelty	Manga Entertainment	Madhouse	Manga	1 hr. 37 min.	R - 17+ (violence & profanity)	5420	2904	31227	128	454	22871	314	351	7237	1096	1596	2816	3780	3072	1868	1193	567	349	200
156	X	7,43	Action, Super Power, Drama, Magic, Romance, Fantasy, Shoujo	X	X______	TV	24	Oct 3, 2001 to Mar 27, 2002	Fall 2001	Bandai Visual, Kadokawa Shoten, d-rights, chara-ani.com	Funimation, Geneon Entertainment USA	Madhouse	Manga	24 min. per ep.	R+ - Mild Nudity	1804	1818	69684	796	2710	39454	3274	3006	21240	3338	4772	7876	8060	4254	2047	893	317	203	138
157	Mahou Sensei Negima!	6,98	Comedy, Ecchi, Fantasy, Harem, Magic, Romance, School, Shounen, Super Power, Supernatural	Negima!	____ ____	TV	26	Jan 6, 2005 to Jun 30, 2005	Winter 2005	Starchild Records	Funimation, Sentai Filmworks	Xebec	Manga	23 min. per ep.	PG-13 - Teens 13 or older	3708	1208	121120	601	5607	74264	5159	7468	28622	3438	5581	11739	16816	10244	5568	2566	981	524	346
158	Maria-sama ga Miteru	7,34	Slice of Life, Drama, Romance, Shoujo, Shoujo Ai	Maria Watches Over Us	________	TV	13	Jan 8, 2004 to Apr 1, 2004	Winter 2004	Rondo Robe, TV Tokyo Music	Nozomi Entertainment, Maiden Japan	Studio Deen	Light novel	24 min. per ep.	PG-13 - Teens 13 or older	2178	2170	53511	663	2234	22274	1941	2716	24346	1570	2405	4446	4901	2611	1342	521	234	105	142
159	Boukyaku no Senritsu	6,34	Adventure, Fantasy, Horror, Mecha, Psychological, Sci-Fi, Shounen, Space, Supernatural	The Melody of Oblivion	_____	TV	24	Apr 7, 2004 to Sep 22, 2004	Spring 2004	Kadokawa Shoten, TBS, KENMedia	Geneon Entertainment USA	Gainax, J.C.Staff	Manga	23 min. per ep.	PG-13 - Teens 13 or older	6657	3975	16632	43	785	6788	751	1212	7096	218	391	731	1364	1202	838	464	236	135	90
160	Ima, Soko ni Iru Boku	7,66	Adventure, Drama, Fantasy, Military, Sci-Fi	Now and Then, Here and There	________	TV	13	Oct 14, 1999 to Jan 20, 2000	Fall 1999	Victor Entertainment, Pioneer LDC, Rakuonsha	Central Park Media	AIC	Original	25 min. per ep.	R - 17+ (violence & profanity)	1140	1309	108100	1018	4451	39741	3252	2434	58222	4012	6505	9669	7286	3490	1636	804	376	170	220
161	Peace Maker Kurogane	7,33	Action, Comedy, Historical, Samurai, Shounen	Peace Maker Kurogane	PEACE MAKER _	TV	24	Oct 8, 2003 to Mar 24, 2004	Fall 2003	GDH, TV Asahi, Imagica	ADV Films, Funimation	Gonzo	Manga	24 min. per ep.	R - 17+ (violence & profanity)	2186	2251	50151	307	2172	26653	2370	2148	16808	1565	2755	5455	6245	3005	1468	560	183	85	66
162	Pita Ten	6,94	Comedy, Fantasy, Kids, Romance, School, Shounen	Pita-Ten	____	TV	26	Apr 7, 2002 to Sep 29, 2002	Spring 2002	Broccoli	Nozomi Entertainment	Madhouse	Manga	24 min. per ep.	G - All Ages	3863	3626	20422	104	743	11980	1103	1557	5039	601	939	1793	2671	1814	1058	409	165	71	55
163	Power Stone	6,48	Adventure, Comedy, Fantasy, Historical, Shounen	Unknown	_______	TV	26	Apr 3, 1999 to Sep 25, 1999	Spring 1999	Avex Entertainment	ADV Films	Studio Pierrot	Game	20 min. per ep.	PG - Children	6015	5874	6378	20	196	4024	223	447	1488	150	182	393	863	763	483	190	65	31	30
164	Mononoke Hime	8,72	Action, Adventure, Fantasy	Princess Mononoke	_____	Movie	1	Jul 12, 1997	Unknown	Tokuma Shoten, Nippon Television Network	GKIDS	Studio Ghibli	Original	2 hr. 15 min.	PG-13 - Teens 13 or older	40	91	876813	17114	11422	735624	3384	1386	124997	184173	167754	131050	57874	17052	5570	1660	545	283	702
165	RahXephon	7,42	Action, Drama, Mecha, Music, Mystery, Psychological, Romance, Sci-Fi	RahXephon	______	TV	26	Jan 21, 2002 to Sep 11, 2002	Winter 2002	Asatsu DK, Fuji TV	ADV Films	Bones	Original	23 min. per ep.	PG-13 - Teens 13 or older	1820	1395	100343	949	4101	46207	4534	4203	41298	3247	5815	10129	10104	4981	2400	1150	424	228	179
166	Samurai 7	7,48	Historical, Mecha, Samurai, Sci-Fi	Samurai 7	_______	TV	26	Jun 12, 2004 to Dec 25, 2004	Summer 2004	GDH, Sotsu Music Publishing	Funimation	Gonzo	Other	26 min. per ep.	PG-13 - Teens 13 or older	1646	1295	110124	744	4453	67372	4951	4474	28874	4415	8054	15364	16074	6890	3029	1018	387	167	126
167	Scrapped Princess	7,41	Sci-Fi, Adventure, Comedy, Drama, Fantasy, Mecha, Shounen	Scrapped Princess	____________	TV	24	Apr 8, 2003 to Oct 7, 2003	Spring 2003	Kadokawa Shoten, A-Line	Funimation, Bandai Entertainment	Bones	Light novel	23 min. per ep.	PG-13 - Teens 13 or older	1861	1637	81917	433	3417	42524	3547	3269	29160	1831	4724	10148	10497	4387	2085	625	193	92	97
168	s.CRY.ed	7,38	Action, Sci-Fi, Adventure, Super Power, Drama	s-CRY-ed	_____	TV	26	Jul 4, 2001 to Dec 26, 2001	Summer 2001	Yomiko Advertising	Bandai Entertainment, Sentai Filmworks, Discotek Media	Sunrise	Original	24 min. per ep.	PG-13 - Teens 13 or older	1969	1787	72311	673	2428	44099	2630	2840	20314	2742	4865	8857	9983	4771	2331	880	307	163	92
169	Shingetsutan Tsukihime	6,91	Action, Horror, Mystery, Romance, Super Power, Supernatural, Vampire	Lunar Legend Tsukihime	___ __	TV	12	Oct 10, 2003 to Dec 26, 2003	Fall 2003	TBS, Rondo Robe, Movic	Sentai Filmworks, Geneon Entertainment USA	J.C.Staff	Visual novel	24 min. per ep.	R - 17+ (violence & profanity)	3970	1086	135721	654	5080	77659	3687	4104	45191	3795	6704	13229	16972	9908	5351	2881	1453	933	895
170	Slam Dunk	8,53	Comedy, Drama, School, Shounen, Sports	Slam Dunk	______	TV	101	Oct 16, 1993 to Mar 23, 1996	Fall 1993	TV Asahi, Animax	Flatiron Film Company, Geneon Entertainment USA	Toei Animation	Manga	23 min. per ep.	PG-13 - Teens 13 or older	92	728	201203	5471	15530	108713	12179	7862	56919	24041	26797	25578	12645	4036	1603	493	215	125	443
171	Strange Dawn	6,35	Adventure, Drama, Fantasy	Unknown	_________	TV	13	Jul 11, 2000 to Sep 26, 2000	Summer 2000	Unknown	Urban Vision	Hal Film Maker	Original	23 min. per ep.	PG - Children	6634	7014	4112	7	180	1487	168	205	2072	28	58	177	333	293	180	71	28	20	18
173	Tactics	7,23	Mystery, Comedy, Historical, Demons, Supernatural, Drama, Shounen	Unknown	______	TV	25	Oct 6, 2004 to Mar 30, 2005	Fall 2004	Studio Izena, MediaNet	Manga Entertainment	Studio Deen	Manga	24 min. per ep.	PG-13 - Teens 13 or older	2668	2670	36569	184	2144	15626	2413	2272	14114	929	1528	3007	3854	2149	1192	418	149	56	34
174	Tenjou Tenge	6,93	Action, Ecchi, Martial Arts, Comedy, Super Power, School, Shounen	Tenjho Tenge	____	TV	24	Apr 2, 2004 to Sep 17, 2004	Spring 2004	TV Asahi	Discotek Media, Geneon Entertainment USA	Madhouse	Manga	23 min. per ep.	R - 17+ (violence & profanity)	3911	934	158482	647	7266	100783	6039	8559	35835	4525	7930	16479	23495	14073	7564	3713	1556	769	479
175	Tokyo Underground	6,63	Action, Adventure, Romance, Sci-Fi, Shounen, Super Power	Tokyo Underground	___________	TV	26	Apr 2, 2002 to Sep 24, 2002	Spring 2002	TV Tokyo Music	Discotek Media, Geneon Entertainment USA	Studio Pierrot	Manga	25 min. per ep.	PG-13 - Teens 13 or older	5230	3254	25243	41	1335	13386	1350	1740	7432	380	675	1717	3071	2310	1460	547	216	113	70
176	Triangle Heart: Sweet Songs Forever	6,19	Adventure, Romance	Unknown	__________ -Sweet Songs Forever-	OVA	4	Jul 24, 2003 to Dec 26, 2003	Unknown	Discovery	Unknown	Seven Arcs	Visual novel	28 min. per ep.	PG-13 - Teens 13 or older	7381	5991	6030	6	192	3163	144	193	2338	85	110	276	582	574	423	196	86	37	21
177	Tsubasa Chronicle	7,55	Action, Adventure, Fantasy, Magic, Romance, Supernatural, Shounen	Tsubasa RESERVoir CHRoNiCLE	_________	TV	26	Apr 9, 2005 to Oct 15, 2005	Spring 2005	NHK, Kodansha	Funimation	Bee Train	Manga	25 min. per ep.	PG-13 - Teens 13 or older	1437	759	195978	2284	9373	106909	11295	11986	56415	9325	13441	22827	22477	10508	5296	2054	818	338	272
178	Ultra Maniac	7,18	Comedy, Magic, Romance, School, Shoujo	Ultramaniac - Magical Girl	_________	TV	26	May 20, 2003 to Nov 11, 2003	Spring 2003	WAO World, Studio Jack	Discotek Media, Geneon Entertainment USA	Production Reed	Manga	24 min. per ep.	G - All Ages	2871	3103	27718	141	1221	15384	1352	1595	8166	886	1372	2664	3686	2002	1091	320	133	73	44
179	Ultra Maniac OVA	6,69	Comedy, Magic, Romance, School	Unknown	_________	OVA	1	Aug 6, 2002	Unknown	Unknown	Unknown	Production Reed	Unknown	21 min.	G - All Ages	4978	6509	4941	4	76	3304	77	70	1414	125	163	335	650	522	278	76	27	22	14
180	Vandread	7,21	Action, Ecchi, Mecha, Sci-Fi, Shounen, Space	Vandread	_______	TV	13	Oct 3, 2000 to Dec 19, 2000	Fall 2000	GDH, Dentsu, Media Factory	Funimation, Geneon Entertainment USA	Gonzo	Original	22 min. per ep.	PG-13 - Teens 13 or older	2723	1771	73554	436	2047	53218	1823	2410	14056	2434	4688	9516	12448	6101	2829	1032	427	236	132
181	Vandread: The Second Stage	7,42	Action, Ecchi, Mecha, Sci-Fi, Shounen, Space	Unknown	_______ the second stage	TV	13	Oct 5, 2001 to Jan 18, 2002	Fall 2001	GDH, Dentsu, Media Factory	Funimation, Geneon Entertainment USA	Gonzo	Original	22 min. per ep.	PG-13 - Teens 13 or older	1850	2326	47649	117	807	40117	720	601	5404	2142	4084	7875	8786	3742	1571	500	204	73	44
182	Tenkuu no Escaflowne	7,7	Adventure, Psychological, Romance, Fantasy, Mecha	The Vision of Escaflowne	__________	TV	26	Apr 2, 1996 to Sep 24, 1996	Spring 1996	TV Tokyo, Bandai Visual	Funimation, Bandai Entertainment	Sunrise	Original	24 min. per ep.	PG-13 - Teens 13 or older	1037	1157	127239	2086	4987	70674	5094	4211	42273	6311	10107	16442	14572	6125	2595	891	320	144	109
183	Whistle!	7,39	School, Shounen, Sports	Unknown	______	TV	39	May 6, 2002 to Feb 3, 2003	Spring 2002	Marvelous	Unknown	Studio Comet	Manga	24 min. per ep.	G - All Ages	1939	4545	12063	73	542	7300	498	603	3120	452	746	1505	1811	765	332	110	42	27	26
184	Xenosaga The Animation	6,37	Action, Mecha, Sci-Fi, Shounen, Space	Unknown	_____ THE ANIMATION	TV	12	Jan 6, 2005 to Mar 24, 2005	Winter 2005	Happinet Pictures	ADV Films, Funimation	Toei Animation	Game	23 min. per ep.	PG-13 - Teens 13 or older	6577	3838	17824	46	637	9556	812	1200	5619	282	426	1041	1995	1781	1191	583	263	116	78
185	Initial D First Stage	8,29	Action, Cars, Drama, Seinen, Sports	Initial D First Stage	__________D	TV	26	Apr 19, 1998 to Dec 6, 1998	Spring 1998	OB Planning, Fuji TV	Funimation, Tokyopop	Gallop, Studio Comet	Manga	25 min. per ep.	PG-13 - Teens 13 or older	231	638	229315	6949	14291	148516	7949	4915	53644	22426	29409	37279	20081	5685	2073	633	209	149	225
186	Initial D Second Stage	8,12	Action, Cars, Drama, Seinen, Sports	Initial D Second Stage	__________D SECOND STAGE	TV	13	Oct 15, 1999 to Jan 21, 2000	Fall 1999	OB Planning, Fuji TV	Funimation, Tokyopop	Pastel	Manga	23 min. per ep.	PG-13 - Teens 13 or older	391	1095	134642	691	3055	114742	1279	751	14815	12292	18903	29970	17122	4454	1244	293	96	33	62
187	Initial D Third Stage	7,89	Action, Cars, Sports, Drama, Romance, Seinen	Unknown	__________D THIRD STAGE	Movie	1	Jan 13, 2001	Unknown	OB Planning	Funimation	Studio Deen	Manga	1 hr. 45 min.	PG-13 - Teens 13 or older	689	1270	113842	469	1340	98309	519	348	13326	9194	12565	23574	18429	5581	1659	417	144	44	64
189	Love Hina	7,14	Comedy, Ecchi, Harem, Romance, Shounen, Slice of Life	Love Hina	____	TV	24	Apr 19, 2000 to Sep 27, 2000	Spring 2000	Production I.G, TV Tokyo, Yomiko Advertising	Funimation, Bandai Entertainment	Xebec	Manga	23 min. per ep.	PG-13 - Teens 13 or older	3037	645	225891	1584	7492	154064	7241	11599	45495	8738	14308	27588	33959	19199	10492	4394	1873	1072	746
190	Love Hina Again	7,25	Comedy, Drama, Ecchi, Romance, Shounen	Love Hina Again	__ __ Again	OVA	3	Jan 26, 2002 to Mar 27, 2002	Unknown	Starchild Records, Audio Tanaka	Bandai Entertainment, Discotek Media	Xebec	Manga	30 min. per ep.	PG-13 - Teens 13 or older	2581	1715	76962	95	771	66654	551	456	8530	3712	6222	11477	13780	7002	3362	1285	582	274	150
191	Love Hina Christmas Special: Silent Eve	7,34	Slice of Life, Comedy, Romance	Love Hina Christmas Movie	______________ __________	Special	1	Dec 25, 2000	Unknown	Yomiko Advertising	Bandai Entertainment	Xebec	Manga	46 min.	PG-13 - Teens 13 or older	2174	2177	53291	49	353	47981	287	168	4502	2798	4607	8293	9697	4732	2240	677	256	142	102
192	Love Hina Haru Special: Kimi Sakura Chiru Nakare!!	7,21	Adventure, Comedy, Romance	Love Hina Spring Movie	__________ ___________!!_	Special	1	Apr 2, 2001	Unknown	Yomiko Advertising	Bandai Entertainment	Xebec	Unknown	46 min.	PG-13 - Teens 13 or older	2731	2307	48221	23	369	42726	290	182	4654	2266	3599	6893	9013	4466	2241	737	274	186	100
193	Maburaho	6,8	Comedy, Drama, Ecchi, Harem, Magic, Romance, School	Maburaho	____	TV	24	Oct 14, 2003 to Apr 6, 2004	Fall 2003	Kadokawa Shoten, KlockWorx, Happinet Pictures, Sony PCL	ADV Films	J.C.Staff	Light novel	24 min. per ep.	R+ - Mild Nudity	4444	1583	85634	259	3675	58233	3065	4208	16453	2426	3800	8155	12682	8392	5076	2221	926	535	297
194	Macross Zero	7,55	Adventure, Mecha, Military, Sci-Fi, Shounen	Macross Zero	____ __	OVA	5	Dec 21, 2002 to Oct 20, 2004	Unknown	Bandai Visual	Unknown	Satelight	Original	30 min. per ep.	R+ - Mild Nudity	1438	2809	33232	125	896	22070	670	438	9158	1399	2836	5185	4475	1973	817	298	103	35	33
195	Onegai_Teacher	7,17	Sci-Fi, Comedy, Drama, Romance, School	Please Teacher!	___________	TV	12	Jan 10, 2002 to Mar 28, 2002	Winter 2002	Bandai Visual, Genco	Nozomi Entertainment, Bandai Entertainment	Daume	Original	23 min. per ep.	PG-13 - Teens 13 or older	2877	1008	147889	926	3832	109656	2687	4175	27539	6741	10008	18771	22906	13008	6991	2839	1109	655	427
196	Onegai_Twins	6,88	Comedy, Drama, Harem, School, Sci-Fi	Please Twins	_________	TV	12	Jul 15, 2003 to Oct 14, 2003	Summer 2003	Bandai Visual, Genco, Lantis	Nozomi Entertainment, Bandai Entertainment	Daume	Original	25 min. per ep.	PG-13 - Teens 13 or older	4123	1699	77733	192	1717	60488	1470	2083	11975	2262	4369	8902	13224	8488	4553	1963	798	439	267
197	Rizelmine	6,55	Sci-Fi, Comedy, Romance, Ecchi, School	Unknown	______	TV	24	Apr 3, 2002 to Dec 22, 2002	Spring 2002	m.o.e.	Unknown	Madhouse, Imagin	Manga	15 min. per ep.	R+ - Mild Nudity	5608	3495	21968	51	959	12205	983	1638	6183	466	652	1425	2515	2046	1348	622	292	201	134
198	Speed Grapher	7,35	Action, Mystery, Super Power	Speed Grapher	_________	TV	24	Apr 8, 2005 to Sep 30, 2005	Spring 2005	TV Asahi, WAO World, TAP	Funimation	Gonzo	Original	23 min. per ep.	R+ - Mild Nudity	2105	1458	95801	602	4968	41984	4881	4861	39107	2619	5094	9838	9937	4854	2515	1108	392	233	174
199	Sen to Chihiro no Kamikakushi	8,83	Adventure, Supernatural, Drama	Spirited Away	________	Movie	1	Jul 20, 2001	Unknown	Toho	Walt Disney Studios, GKIDS	Studio Ghibli	Original	2 hr. 5 min.	PG - Children	23	41	1245727	25610	14444	1124666	3124	1437	102056	324768	254426	182709	76025	22207	7695	2393	856	489	1174
200	Tenshi na Konamaiki	7,48	Comedy, Magic, Romance, Shounen	Cheeky Angel	_______	TV	50	Apr 6, 2002 to Mar 29, 2003	Spring 2002	Unknown	Unknown	TMS Entertainment	Manga	24 min. per ep.	PG-13 - Teens 13 or older	1653	3426	22832	133	1595	9671	1528	1553	8485	752	1269	2277	2239	1183	554	227	99	42	54